account_id,account_type,avg_monthly_activity
ACC100000,savings,3428.88
ACC100001,checking,2027.6
ACC100002,business,1164.97
ACC100003,savings,1828.95
ACC100004,checking,2145.65
ACC100005,business,1748.84
ACC100006,savings,1859.29
ACC100007,savings,2551.75
ACC100008,checking,1015.89
ACC100009,checking,308.6
ACC100010,checking,2488.04
ACC100011,business,305.71
ACC100012,savings,847.1
ACC100013,savings,1834.8
ACC100014,checking,1873.65
ACC100015,checking,1049.23
ACC100016,savings,1246.37
ACC100017,checking,1721.9
ACC100018,savings,741.26
ACC100019,savings,3822.48
ACC100020,savings,610.61
ACC100021,checking,1145.32
ACC100022,business,926.52
ACC100023,business,1473.79
ACC100024,savings,3690.18
ACC100025,checking,578.41
ACC100026,checking,1857.19
ACC100027,checking,2106.02
ACC100028,checking,2904.82
ACC100029,savings,674.79
ACC100030,savings,649.1
ACC100031,business,1156.66
ACC100032,checking,1175.59
ACC100033,checking,539.42
ACC100034,checking,2141.51
ACC100035,checking,1994.67
ACC100036,checking,4732.99
ACC100037,checking,1040.66
ACC100038,checking,526.12
ACC100039,savings,609.93
ACC100040,checking,1709.25
ACC100041,savings,688.67
ACC100042,savings,2252.07
ACC100043,checking,766.3
ACC100044,savings,1537.05
ACC100045,savings,1264.35
ACC100046,checking,603.27
ACC100047,checking,324.53
ACC100048,savings,3082.12
ACC100049,checking,1745.04
ACC100050,checking,460.15
ACC100051,checking,504.28
ACC100052,savings,4642.78
ACC100053,savings,641.95
ACC100054,savings,1607.43
ACC100055,savings,251.52
ACC100056,checking,941.94
ACC100057,savings,2360.98
ACC100058,checking,211.95
ACC100059,checking,821.38
ACC100060,savings,784.52
ACC100061,checking,1973.93
ACC100062,savings,1851.74
ACC100063,savings,1969.78
ACC100064,savings,1591.39
ACC100065,savings,1849.45
ACC100066,savings,398.91
ACC100067,checking,1598.8
ACC100068,checking,3463.82
ACC100069,checking,1366.77
ACC100070,checking,790.28
ACC100071,checking,854.79
ACC100072,business,3293.88
ACC100073,checking,71.46
ACC100074,checking,6079.61
ACC100075,checking,166.58
ACC100076,checking,1059.03
ACC100077,savings,482.32
ACC100078,savings,1951.72
ACC100079,savings,2193.67
ACC100080,savings,1518.94
ACC100081,checking,1191.98
ACC100082,savings,225.66
ACC100083,checking,969.35
ACC100084,checking,1161.42
ACC100085,checking,487.4
ACC100086,savings,1691.16
ACC100087,checking,1525.07
ACC100088,checking,1026.1
ACC100089,checking,1315.28
ACC100090,checking,1010.1
ACC100091,savings,233.66
ACC100092,checking,1895.75
ACC100093,checking,1634.88
ACC100094,checking,383.32
ACC100095,savings,1727.67
ACC100096,checking,1771.92
ACC100097,checking,1775.17
ACC100098,checking,2367.3
ACC100099,business,3088.94
ACC100100,business,932.31
ACC100101,savings,2328.18
ACC100102,checking,913.37
ACC100103,business,1684.73
ACC100104,savings,2578.12
ACC100105,savings,648.8
ACC100106,checking,85.9
ACC100107,checking,593.91
ACC100108,checking,2844.76
ACC100109,business,526.93
ACC100110,checking,2736.96
ACC100111,checking,596.67
ACC100112,checking,1117.37
ACC100113,savings,1319.29
ACC100114,checking,524.56
ACC100115,business,1127.36
ACC100116,savings,282.72
ACC100117,savings,1002.72
ACC100118,checking,1236.45
ACC100119,savings,92.65
ACC100120,savings,589.27
ACC100121,savings,1647.0
ACC100122,checking,468.42
ACC100123,checking,1851.37
ACC100124,checking,1984.16
ACC100125,checking,1641.72
ACC100126,checking,2308.72
ACC100127,checking,262.51
ACC100128,checking,2658.6
ACC100129,savings,532.62
ACC100130,checking,1438.25
ACC100131,business,4184.89
ACC100132,savings,985.09
ACC100133,checking,1345.2
ACC100134,savings,535.73
ACC100135,checking,4157.44
ACC100136,business,590.49
ACC100137,checking,2109.04
ACC100138,savings,3085.22
ACC100139,checking,2252.95
ACC100140,checking,1717.18
ACC100141,checking,1421.57
ACC100142,business,400.2
ACC100143,savings,4034.84
ACC100144,checking,1614.67
ACC100145,checking,1345.82
ACC100146,checking,492.84
ACC100147,checking,1396.68
ACC100148,checking,1281.15
ACC100149,checking,4184.81
ACC100150,savings,1345.19
ACC100151,business,1379.52
ACC100152,checking,498.74
ACC100153,savings,701.68
ACC100154,checking,1934.08
ACC100155,savings,208.41
ACC100156,checking,2648.72
ACC100157,savings,2698.21
ACC100158,savings,637.15
ACC100159,savings,1721.85
ACC100160,checking,3153.77
ACC100161,business,1201.38
ACC100162,checking,1030.17
ACC100163,checking,1135.32
ACC100164,savings,1611.94
ACC100165,checking,784.17
ACC100166,savings,959.76
ACC100167,savings,1635.87
ACC100168,checking,895.51
ACC100169,business,457.24
ACC100170,checking,186.69
ACC100171,checking,1365.52
ACC100172,checking,3021.56
ACC100173,business,1785.48
ACC100174,checking,474.82
ACC100175,checking,697.11
ACC100176,checking,1023.96
ACC100177,business,4273.61
ACC100178,business,4427.35
ACC100179,savings,4088.44
ACC100180,business,1473.32
ACC100181,business,8048.38
ACC100182,checking,728.15
ACC100183,checking,993.46
ACC100184,savings,2509.1
ACC100185,savings,1642.24
ACC100186,checking,1712.04
ACC100187,checking,554.54
ACC100188,savings,1273.91
ACC100189,checking,737.68
ACC100190,business,372.03
ACC100191,checking,815.91
ACC100192,checking,1642.58
ACC100193,savings,2229.98
ACC100194,checking,178.43
ACC100195,checking,1320.65
ACC100196,savings,1229.35
ACC100197,business,1580.12
ACC100198,checking,483.52
ACC100199,checking,492.92
ACC100200,savings,3076.7
ACC100201,business,644.76
ACC100202,checking,954.46
ACC100203,checking,1036.58
ACC100204,checking,749.92
ACC100205,checking,1891.59
ACC100206,checking,1777.66
ACC100207,savings,1186.78
ACC100208,checking,788.43
ACC100209,checking,1113.8
ACC100210,savings,1406.86
ACC100211,savings,697.88
ACC100212,checking,1993.38
ACC100213,savings,2635.21
ACC100214,savings,3434.87
ACC100215,savings,3295.36
ACC100216,checking,1031.21
ACC100217,checking,1460.3
ACC100218,business,1168.98
ACC100219,checking,1165.62
ACC100220,checking,1107.55
ACC100221,checking,1339.56
ACC100222,savings,2935.29
ACC100223,business,1679.35
ACC100224,checking,462.94
ACC100225,business,2559.31
ACC100226,checking,1564.04
ACC100227,savings,1907.14
ACC100228,savings,1655.07
ACC100229,checking,1711.14
ACC100230,checking,1769.16
ACC100231,checking,227.94
ACC100232,business,1889.83
ACC100233,savings,724.81
ACC100234,business,893.3
ACC100235,savings,1331.35
ACC100236,checking,3797.39
ACC100237,savings,542.92
ACC100238,checking,1296.89
ACC100239,checking,1086.18
ACC100240,savings,2533.98
ACC100241,savings,1062.07
ACC100242,checking,1577.3
ACC100243,checking,544.42
ACC100244,savings,2830.6
ACC100245,business,340.06
ACC100246,savings,1871.44
ACC100247,checking,1584.66
ACC100248,checking,1758.58
ACC100249,checking,345.31
ACC100250,savings,1044.57
ACC100251,business,2449.68
ACC100252,checking,4177.75
ACC100253,checking,1223.18
ACC100254,checking,2292.46
ACC100255,savings,1473.0
ACC100256,savings,1273.04
ACC100257,checking,949.44
ACC100258,checking,1336.43
ACC100259,savings,2152.03
ACC100260,checking,2276.82
ACC100261,savings,421.42
ACC100262,checking,880.15
ACC100263,checking,519.05
ACC100264,business,1387.95
ACC100265,checking,1014.83
ACC100266,checking,1716.06
ACC100267,checking,1802.97
ACC100268,checking,111.33
ACC100269,checking,1328.55
ACC100270,checking,2974.49
ACC100271,checking,880.45
ACC100272,checking,859.04
ACC100273,savings,2633.14
ACC100274,savings,2350.54
ACC100275,checking,570.35
ACC100276,checking,2192.77
ACC100277,checking,690.81
ACC100278,business,851.56
ACC100279,business,569.86
ACC100280,checking,418.1
ACC100281,checking,1449.81
ACC100282,checking,356.75
ACC100283,checking,1494.15
ACC100284,savings,1459.34
ACC100285,checking,1180.82
ACC100286,checking,915.27
ACC100287,checking,772.42
ACC100288,checking,504.37
ACC100289,checking,3452.02
ACC100290,savings,1140.15
ACC100291,checking,1110.26
ACC100292,business,595.28
ACC100293,checking,3212.22
ACC100294,savings,814.63
ACC100295,business,1601.26
ACC100296,business,1831.88
ACC100297,savings,1450.63
ACC100298,savings,347.91
ACC100299,savings,2128.19
ACC100300,savings,807.59
ACC100301,checking,2334.38
ACC100302,checking,1265.25
ACC100303,checking,1912.11
ACC100304,business,3071.31
ACC100305,checking,2073.45
ACC100306,checking,1945.27
ACC100307,savings,2195.87
ACC100308,checking,669.53
ACC100309,checking,2402.98
ACC100310,checking,1071.97
ACC100311,checking,1100.11
ACC100312,checking,1416.59
ACC100313,checking,993.94
ACC100314,checking,550.74
ACC100315,checking,1336.55
ACC100316,checking,1104.3
ACC100317,savings,1073.33
ACC100318,checking,1234.22
ACC100319,business,128.47
ACC100320,business,1079.67
ACC100321,checking,3329.99
ACC100322,checking,3155.81
ACC100323,checking,1372.15
ACC100324,savings,1337.26
ACC100325,savings,86.03
ACC100326,savings,847.35
ACC100327,checking,2180.61
ACC100328,savings,974.56
ACC100329,checking,2705.42
ACC100330,savings,2595.16
ACC100331,checking,833.44
ACC100332,savings,1450.87
ACC100333,business,3506.5
ACC100334,checking,339.72
ACC100335,savings,992.25
ACC100336,checking,303.85
ACC100337,savings,627.23
ACC100338,checking,4194.08
ACC100339,business,991.97
ACC100340,checking,174.1
ACC100341,business,545.48
ACC100342,savings,269.45
ACC100343,savings,1492.8
ACC100344,savings,1812.64
ACC100345,savings,2425.17
ACC100346,business,2099.57
ACC100347,checking,357.15
ACC100348,savings,1747.4
ACC100349,checking,1192.96
ACC100350,savings,2668.05
ACC100351,checking,2267.79
ACC100352,savings,4555.99
ACC100353,savings,587.08
ACC100354,checking,511.8
ACC100355,checking,891.59
ACC100356,savings,1230.35
ACC100357,savings,751.19
ACC100358,checking,615.64
ACC100359,savings,1664.81
ACC100360,business,889.32
ACC100361,checking,723.82
ACC100362,checking,356.45
ACC100363,checking,98.16
ACC100364,savings,3223.26
ACC100365,checking,3159.7
ACC100366,savings,2315.86
ACC100367,savings,1950.98
ACC100368,checking,822.05
ACC100369,business,2007.74
ACC100370,savings,477.42
ACC100371,checking,1424.69
ACC100372,checking,670.88
ACC100373,checking,2013.65
ACC100374,checking,3664.11
ACC100375,checking,543.52
ACC100376,business,856.69
ACC100377,checking,1404.79
ACC100378,checking,202.18
ACC100379,savings,284.23
ACC100380,savings,3593.47
ACC100381,business,1670.16
ACC100382,savings,783.87
ACC100383,checking,1293.93
ACC100384,checking,894.72
ACC100385,business,1436.49
ACC100386,savings,922.78
ACC100387,business,1217.57
ACC100388,checking,2140.68
ACC100389,business,2045.1
ACC100390,savings,3460.24
ACC100391,checking,1756.92
ACC100392,savings,1357.6
ACC100393,savings,3804.03
ACC100394,checking,1120.59
ACC100395,checking,113.23
ACC100396,savings,2335.74
ACC100397,checking,1609.08
ACC100398,checking,1309.48
ACC100399,checking,2378.56
ACC100400,checking,929.34
ACC100401,business,121.7
ACC100402,savings,2411.04
ACC100403,checking,760.24
ACC100404,business,564.18
ACC100405,business,131.32
ACC100406,checking,2273.29
ACC100407,savings,61.94
ACC100408,checking,3055.03
ACC100409,business,1005.66
ACC100410,savings,2348.87
ACC100411,savings,1795.56
ACC100412,checking,4271.0
ACC100413,business,1760.64
ACC100414,checking,2979.39
ACC100415,checking,833.99
ACC100416,checking,282.94
ACC100417,savings,2602.91
ACC100418,checking,273.49
ACC100419,business,2255.9
ACC100420,savings,502.86
ACC100421,checking,1632.19
ACC100422,checking,4323.44
ACC100423,checking,2134.75
ACC100424,savings,1124.48
ACC100425,savings,1825.76
ACC100426,checking,859.97
ACC100427,savings,5424.54
ACC100428,checking,711.02
ACC100429,savings,1223.76
ACC100430,business,2002.43
ACC100431,savings,1731.69
ACC100432,savings,1875.08
ACC100433,savings,875.18
ACC100434,checking,1087.87
ACC100435,checking,2521.25
ACC100436,checking,2436.45
ACC100437,checking,1761.76
ACC100438,savings,3230.1
ACC100439,savings,2590.22
ACC100440,business,2386.05
ACC100441,checking,267.65
ACC100442,savings,1746.37
ACC100443,checking,1524.92
ACC100444,checking,3507.79
ACC100445,savings,1170.41
ACC100446,business,1432.99
ACC100447,savings,496.52
ACC100448,checking,593.51
ACC100449,savings,3515.24
ACC100450,checking,1869.94
ACC100451,business,4329.83
ACC100452,savings,1153.59
ACC100453,checking,342.99
ACC100454,checking,1025.93
ACC100455,checking,887.29
ACC100456,business,2187.16
ACC100457,checking,2126.08
ACC100458,savings,1936.7
ACC100459,savings,5216.4
ACC100460,savings,3105.63
ACC100461,checking,632.67
ACC100462,business,2648.38
ACC100463,checking,1362.48
ACC100464,savings,1128.54
ACC100465,savings,3367.16
ACC100466,savings,596.15
ACC100467,business,2528.9
ACC100468,checking,2261.0
ACC100469,checking,585.62
ACC100470,checking,257.1
ACC100471,checking,1248.99
ACC100472,checking,2858.26
ACC100473,checking,1741.5
ACC100474,checking,3439.53
ACC100475,checking,1655.88
ACC100476,checking,3592.76
ACC100477,savings,809.71
ACC100478,savings,1932.33
ACC100479,checking,965.37
ACC100480,checking,1218.82
ACC100481,checking,1429.26
ACC100482,savings,1737.47
ACC100483,checking,716.24
ACC100484,checking,1866.7
ACC100485,checking,1375.34
ACC100486,checking,364.11
ACC100487,checking,214.18
ACC100488,savings,2865.48
ACC100489,savings,1172.16
ACC100490,savings,323.6
ACC100491,savings,3985.04
ACC100492,savings,2003.84
ACC100493,checking,1703.95
ACC100494,savings,659.86
ACC100495,checking,358.6
ACC100496,checking,1526.59
ACC100497,savings,1310.04
ACC100498,checking,504.51
ACC100499,checking,487.27
